PostCode,NumericID,CommutingZoneID,CommutingZoneName
,19,Europe1305,
,20,Europe1305,
aberdeen,19,Europe1305,aberdeen
aberdeen,20,Europe1305,aberdeen
,6,Europe1296,
,6,Europe1296,
,6,Europe1296,
,19,Europe1305,
,20,Europe1305,
,19,Europe1305,
,20,Europe1305,
,19,Europe1305,
,20,Europe1305,
,19,Europe1305,
,20,Europe1305,
,19,Europe1305,
,20,Europe1305,
,19,Europe1305,
,20,Europe1305,
,19,Europe1305,
,20,Europe1305,
,6,Europe1296,
,19,Europe1305,
,20,Europe1305,
,19,Europe1305,
,20,Europe1305,
,19,Europe1305,
,20,Europe1305,
,19,Europe1305,
,20,Europe1305,
,8,Europe1298,
,19,Europe1305,
,20,Europe1305,
,8,Europe1298,
,19,Europe1305,
,20,Europe1305,
,6,Europe1296,
,19,Europe1305,
,20,Europe1305,
,19,Europe1305,
,20,Europe1305,
,19,Europe1305,
,20,Europe1305,
aberdeen,19,Europe1305,aberdeen
aberdeen,20,Europe1305,aberdeen
,19,Europe1305,
,20,Europe1305,
,19,Europe1305,
,20,Europe1305,
,19,Europe1305,
,20,Europe1305,
,19,Europe1305,
,20,Europe1305,
,19,Europe1305,
,20,Europe1305,
,19,Europe1305,
,20,Europe1305,
,19,Europe1305,
,20,Europe1305,
,50,Europe400,
,50,Europe400,
,50,Europe400,
,50,Europe400,
,50,Europe400,
,50,Europe400,
,50,Europe400,
,50,Europe400,
,50,Europe400,
,50,Europe400,
,76,Europe459,
,76,Europe459,
,76,Europe459,
,76,Europe459,
,76,Europe459,
,76,Europe459,
,76,Europe459,
,76,Europe459,
,76,Europe459,
,76,Europe459,
,76,Europe459,
,76,Europe459,
,76,Europe459,
,76,Europe459,
,76,Europe459,
,76,Europe459,
,76,Europe459,
,76,Europe459,
,76,Europe459,
,76,Europe459,
,76,Europe459,
,76,Europe459,
,76,Europe459,
,76,Europe459,
,76,Europe459,
,76,Europe459,
,76,Europe459,
,76,Europe459,
,76,Europe459,
,76,Europe459,
,76,Europe459,
,76,Europe459,
,76,Europe459,
,76,Europe459,
,76,Europe459,
,76,Europe459,
,76,Europe459,
,76,Europe459,
,76,Europe459,
,76,Europe459,
,76,Europe459,
,76,Europe459,
,76,Europe459,
,76,Europe459,
,76,Europe459,
,76,Europe459,
,76,Europe459,
,76,Europe459,
,76,Europe459,
,76,Europe459,
,76,Europe459,
,76,Europe459,
,76,Europe459,
,76,Europe459,
,76,Europe459,
,76,Europe459,
,76,Europe459,
,76,Europe459,
,76,Europe459,
,76,Europe459,
,76,Europe459,
,76,Europe459,
,76,Europe459,
,76,Europe459,
,76,Europe459,
,76,Europe459,
,76,Europe459,
,76,Europe459,
,76,Europe459,
,76,Europe459,
,76,Europe459,
,76,Europe459,
,76,Europe459,
,76,Europe459,
,71,Europe455,
,76,Europe459,
,76,Europe459,
,79,Europe461,
,80,Europe461,
,79,Europe461,
,80,Europe461,
,79,Europe461,
,80,Europe461,
,89,Europe468,
,89,Europe468,
,89,Europe468,
,89,Europe468,
,89,Europe468,
,89,Europe468,
,89,Europe468,
,79,Europe461,
,80,Europe461,
,79,Europe461,
,80,Europe461,
,79,Europe461,
,80,Europe461,
,79,Europe461,
,80,Europe461,
,79,Europe461,
,80,Europe461,
,89,Europe468,
,89,Europe468,
,89,Europe468,
,89,Europe468,
,62,Europe450,
,63,Europe450,
,62,Europe450,
,63,Europe450,
,62,Europe450,
,63,Europe450,
,62,Europe450,
,63,Europe450,
,62,Europe450,
,63,Europe450,
,62,Europe450,
,63,Europe450,
,62,Europe450,
,63,Europe450,
,62,Europe450,
,63,Europe450,
,62,Europe450,
,63,Europe450,
,68,Europe453,
,62,Europe450,
,63,Europe450,
,62,Europe450,
,63,Europe450,
,62,Europe450,
,63,Europe450,
,68,Europe453,
,68,Europe453,
,68,Europe453,
,68,Europe453,
,68,Europe453,
,68,Europe453,
,68,Europe453,
,68,Europe453,
,68,Europe453,
,68,Europe453,
,68,Europe453,
,68,Europe453,
,68,Europe453,
,68,Europe453,
,68,Europe453,
,68,Europe453,
,68,Europe453,
,68,Europe453,
,68,Europe453,
,62,Europe450,
,63,Europe450,
,62,Europe450,
,63,Europe450,
,68,Europe453,
,62,Europe450,
,63,Europe450,
,62,Europe450,
,63,Europe450,
bournemouth,38,Europe391,bournemouth
bournemouth,39,Europe391,bournemouth
bournemouth,38,Europe391,bournemouth
bournemouth,39,Europe391,bournemouth
,38,Europe391,
,39,Europe391,
,38,Europe391,
,39,Europe391,
bournemouth,38,Europe391,bournemouth
bournemouth,39,Europe391,bournemouth
bournemouth,38,Europe391,bournemouth
bournemouth,39,Europe391,bournemouth
,38,Europe391,
,39,Europe391,
,38,Europe391,
,39,Europe391,
,38,Europe391,
,39,Europe391,
,38,Europe391,
,39,Europe391,
,38,Europe391,
,39,Europe391,
,38,Europe391,
,39,Europe391,
,38,Europe391,
,39,Europe391,
,38,Europe391,
,39,Europe391,
,38,Europe391,
,39,Europe391,
,38,Europe391,
,39,Europe391,
,38,Europe391,
,39,Europe391,
,38,Europe391,
,39,Europe391,
,38,Europe391,
,39,Europe391,
,38,Europe391,
,39,Europe391,
,38,Europe391,
,39,Europe391,
,38,Europe391,
,39,Europe391,
,38,Europe391,
,39,Europe391,
,38,Europe391,
,39,Europe391,
,38,Europe391,
,39,Europe391,
,38,Europe391,
,39,Europe391,
,73,Europe457,
,73,Europe457,
,73,Europe457,
,73,Europe457,
,73,Europe457,
,73,Europe457,
,73,Europe457,
,62,Europe450,
,63,Europe450,
,73,Europe457,
,73,Europe457,
,33,Europe388,
,34,Europe388,
,33,Europe388,
,34,Europe388,
,33,Europe388,
,34,Europe388,
,33,Europe388,
,34,Europe388,
,33,Europe388,
,34,Europe388,
,33,Europe388,
,34,Europe388,
,33,Europe388,
,34,Europe388,
,33,Europe388,
,34,Europe388,
,33,Europe388,
,34,Europe388,
brighton and hove,33,Europe388,brighton and hove
brighton and hove,34,Europe388,brighton and hove
,33,Europe388,
,34,Europe388,
,33,Europe388,
,34,Europe388,
,33,Europe388,
,34,Europe388,
,33,Europe388,
,34,Europe388,
,33,Europe388,
,34,Europe388,
,33,Europe388,
,34,Europe388,
,33,Europe388,
,34,Europe388,
,33,Europe388,
,34,Europe388,
,33,Europe388,
,34,Europe388,
,33,Europe388,
,34,Europe388,
,33,Europe388,
,34,Europe388,
,33,Europe388,
,34,Europe388,
,33,Europe388,
,34,Europe388,
,33,Europe388,
,34,Europe388,
,33,Europe388,
,34,Europe388,
,33,Europe388,
,34,Europe388,
,33,Europe388,
,34,Europe388,
,33,Europe388,
,34,Europe388,
,33,Europe388,
,34,Europe388,
,33,Europe388,
,34,Europe388,
,35,Europe389,
,36,Europe389,
,43,Europe394,
,35,Europe389,
,36,Europe389,
,35,Europe389,
,36,Europe389,
,35,Europe389,
,36,Europe389,
,35,Europe389,
,36,Europe389,
,35,Europe389,
,36,Europe389,
,35,Europe389,
,36,Europe389,
,79,Europe461,
,80,Europe461,
,79,Europe461,
,80,Europe461,
,79,Europe461,
,80,Europe461,
,79,Europe461,
,80,Europe461,
,79,Europe461,
,80,Europe461,
,79,Europe461,
,80,Europe461,
,79,Europe461,
,80,Europe461,
,79,Europe461,
,80,Europe461,
,79,Europe461,
,80,Europe461,
,79,Europe461,
,80,Europe461,
bristol,79,Europe461,bristol
bristol,80,Europe461,bristol
,79,Europe461,
,80,Europe461,
,79,Europe461,
,80,Europe461,
,79,Europe461,
,80,Europe461,
,79,Europe461,
,80,Europe461,
,79,Europe461,
,80,Europe461,
bristol,79,Europe461,bristol
bristol,80,Europe461,bristol
bristol,79,Europe461,bristol
bristol,80,Europe461,bristol
bristol,79,Europe461,bristol
bristol,80,Europe461,bristol
,79,Europe461,
,80,Europe461,
,79,Europe461,
,80,Europe461,
,79,Europe461,
,80,Europe461,
,79,Europe461,
,80,Europe461,
,79,Europe461,
,80,Europe461,
,79,Europe461,
,80,Europe461,
,79,Europe461,
,80,Europe461,
,79,Europe461,
,80,Europe461,
,79,Europe461,
,80,Europe461,
,79,Europe461,
,80,Europe461,
,79,Europe461,
,80,Europe461,
,79,Europe461,
,80,Europe461,
,79,Europe461,
,80,Europe461,
,79,Europe461,
,80,Europe461,
,79,Europe461,
,80,Europe461,
,79,Europe461,
,80,Europe461,
,79,Europe461,
,80,Europe461,
,79,Europe461,
,80,Europe461,
,85,Europe466,
,86,Europe466,
,85,Europe466,
,86,Europe466,
,85,Europe466,
,86,Europe466,
,74,Europe458,
,75,Europe458,
,85,Europe466,
,86,Europe466,
,85,Europe466,
,86,Europe466,
,85,Europe466,
,86,Europe466,
,74,Europe458,
,75,Europe458,
,74,Europe458,
,75,Europe458,
,85,Europe466,
,86,Europe466,
,85,Europe466,
,86,Europe466,
,85,Europe466,
,86,Europe466,
,85,Europe466,
,86,Europe466,
,85,Europe466,
,86,Europe466,
carlisle,85,Europe466,carlisle
carlisle,86,Europe466,carlisle
,85,Europe466,
,86,Europe466,
,85,Europe466,
,86,Europe466,
,85,Europe466,
,86,Europe466,
,85,Europe466,
,86,Europe466,
,85,Europe466,
,86,Europe466,
,85,Europe466,
,86,Europe466,
,85,Europe466,
,86,Europe466,
,85,Europe466,
,86,Europe466,
,85,Europe466,
,86,Europe466,
,85,Europe466,
,86,Europe466,
,85,Europe466,
,86,Europe466,
carlisle,85,Europe466,carlisle
carlisle,86,Europe466,carlisle
,85,Europe466,
,86,Europe466,
,46,Europe396,
,46,Europe396,
,46,Europe396,
,46,Europe396,
,46,Europe396,
,46,Europe396,
,46,Europe396,
,46,Europe396,
,46,Europe396,
,50,Europe400,
,50,Europe400,
,46,Europe396,
,46,Europe396,
,46,Europe396,
,46,Europe396,
,46,Europe396,
,59,Europe448,
,59,Europe448,
,59,Europe448,
,59,Europe448,
,59,Europe448,
,59,Europe448,
,59,Europe448,
,59,Europe448,
,59,Europe448,
,59,Europe448,
,59,Europe448,
,59,Europe448,
,59,Europe448,
,59,Europe448,
,59,Europe448,
,59,Europe448,
,59,Europe448,
,59,Europe448,
,59,Europe448,
,59,Europe448,
,59,Europe448,
,59,Europe448,
,59,Europe448,
,59,Europe448,
,59,Europe448,
,59,Europe448,
,59,Europe448,
,59,Europe448,
,59,Europe448,
,59,Europe448,
,59,Europe448,
,59,Europe448,
,59,Europe448,
,59,Europe448,
,59,Europe448,
,69,Europe454,
,70,Europe454,
,69,Europe454,
,70,Europe454,
,69,Europe454,
,70,Europe454,
,69,Europe454,
,70,Europe454,
,69,Europe454,
,70,Europe454,
,69,Europe454,
,70,Europe454,
,69,Europe454,
,70,Europe454,
,69,Europe454,
,70,Europe454,
,69,Europe454,
,70,Europe454,
,69,Europe454,
,70,Europe454,
,69,Europe454,
,70,Europe454,
,69,Europe454,
,70,Europe454,
wrexham,69,Europe454,wrexham
wrexham,70,Europe454,wrexham
wrexham,69,Europe454,wrexham
wrexham,70,Europe454,wrexham
wrexham,69,Europe454,wrexham
wrexham,70,Europe454,wrexham
wrexham,69,Europe454,wrexham
wrexham,70,Europe454,wrexham
,69,Europe454,
,70,Europe454,
,69,Europe454,
,70,Europe454,
,69,Europe454,
,70,Europe454,
,69,Europe454,
,70,Europe454,
,69,Europe454,
,70,Europe454,
,69,Europe454,
,70,Europe454,
,69,Europe454,
,70,Europe454,
,69,Europe454,
,70,Europe454,
,54,Europe404,
,55,Europe404,
,54,Europe404,
,55,Europe404,
,54,Europe404,
,55,Europe404,
,54,Europe404,
,55,Europe404,
,50,Europe400,
,50,Europe400,
,50,Europe400,
,54,Europe404,
,55,Europe404,
,54,Europe404,
,55,Europe404,
,54,Europe404,
,55,Europe404,
,50,Europe400,
,50,Europe400,
,50,Europe400,
,50,Europe400,
,50,Europe400,
,50,Europe400,
,50,Europe400,
,50,Europe400,
,50,Europe400,
,50,Europe400,
,50,Europe400,
,50,Europe400,
,50,Europe400,
,50,Europe400,
,54,Europe404,
,55,Europe404,
,54,Europe404,
,55,Europe404,
,54,Europe404,
,55,Europe404,
,54,Europe404,
,55,Europe404,
,54,Europe404,
,55,Europe404,
,54,Europe404,
,55,Europe404,
,54,Europe404,
,55,Europe404,
,54,Europe404,
,55,Europe404,
,54,Europe404,
,55,Europe404,
,54,Europe404,
,55,Europe404,
,54,Europe404,
,55,Europe404,
,54,Europe404,
,55,Europe404,
,44,Europe395,
,45,Europe395,
,54,Europe404,
,55,Europe404,
,54,Europe404,
,55,Europe404,
ipswich,44,Europe395,ipswich
ipswich,45,Europe395,ipswich
,54,Europe404,
,55,Europe404,
,43,Europe394,
,43,Europe394,
,43,Europe394,
,43,Europe394,
,43,Europe394,
,43,Europe394,
,43,Europe394,
,43,Europe394,
,35,Europe389,
,36,Europe389,
,35,Europe389,
,36,Europe389,
,35,Europe389,
,36,Europe389,
,35,Europe389,
,36,Europe389,
,35,Europe389,
,36,Europe389,
,35,Europe389,
,36,Europe389,
,35,Europe389,
,36,Europe389,
maidstone,35,Europe389,maidstone
maidstone,36,Europe389,maidstone
,35,Europe389,
,36,Europe389,
,35,Europe389,
,36,Europe389,
maidstone,35,Europe389,maidstone
maidstone,36,Europe389,maidstone
,35,Europe389,
,36,Europe389,
,35,Europe389,
,36,Europe389,
,35,Europe389,
,36,Europe389,
,35,Europe389,
,36,Europe389,
,35,Europe389,
,36,Europe389,
maidstone,35,Europe389,maidstone
maidstone,36,Europe389,maidstone
,35,Europe389,
,36,Europe389,
,35,Europe389,
,36,Europe389,
maidstone,35,Europe389,maidstone
maidstone,36,Europe389,maidstone
,35,Europe389,
,36,Europe389,
,76,Europe459,
,76,Europe459,
,76,Europe459,
,76,Europe459,
,76,Europe459,
,76,Europe459,
,76,Europe459,
,76,Europe459,
,76,Europe459,
,76,Europe459,
,76,Europe459,
,76,Europe459,
,84,Europe465,
,47,Europe397,
,47,Europe397,
,47,Europe397,
,76,Europe459,
,76,Europe459,
,76,Europe459,
,76,Europe459,
,76,Europe459,
,71,Europe455,
,76,Europe459,
,76,Europe459,
,73,Europe457,
,73,Europe457,
,73,Europe457,
,73,Europe457,
,73,Europe457,
,69,Europe454,
,70,Europe454,
,73,Europe457,
,73,Europe457,
,73,Europe457,
,73,Europe457,
,73,Europe457,
,73,Europe457,
,35,Europe389,
,36,Europe389,
,35,Europe389,
,36,Europe389,
,35,Europe389,
,36,Europe389,
,35,Europe389,
,36,Europe389,
,35,Europe389,
,36,Europe389,
,35,Europe389,
,36,Europe389,
,35,Europe389,
,36,Europe389,
,35,Europe389,
,36,Europe389,
,35,Europe389,
,36,Europe389,
,35,Europe389,
,36,Europe389,
,35,Europe389,
,36,Europe389,
,35,Europe389,
,36,Europe389,
,35,Europe389,
,36,Europe389,
,35,Europe389,
,36,Europe389,
,35,Europe389,
,36,Europe389,
,35,Europe389,
,36,Europe389,
,35,Europe389,
,36,Europe389,
,35,Europe389,
,36,Europe389,
dunfermline,17,Europe1304,dunfermline
dunfermline,18,Europe1304,dunfermline
,6,Europe1296,
,6,Europe1296,
,6,Europe1296,
,6,Europe1296,
,17,Europe1304,
,18,Europe1304,
,6,Europe1296,
,6,Europe1296,
,6,Europe1296,
,6,Europe1296,
,6,Europe1296,
,58,Europe447,
,58,Europe447,
,58,Europe447,
,58,Europe447,
,58,Europe447,
,58,Europe447,
,84,Europe465,
,84,Europe465,
,76,Europe459,
,84,Europe465,
,84,Europe465,
,58,Europe447,
,58,Europe447,
,58,Europe447,
,58,Europe447,
,82,Europe463,
,58,Europe447,
,58,Europe447,
,58,Europe447,
,58,Europe447,
,58,Europe447,
,58,Europe447,
,58,Europe447,
,85,Europe466,
,86,Europe466,
,85,Europe466,
,86,Europe466,
,85,Europe466,
,86,Europe466,
,85,Europe466,
,86,Europe466,
,85,Europe466,
,86,Europe466,
carlisle,85,Europe466,carlisle
carlisle,86,Europe466,carlisle
,85,Europe466,
,86,Europe466,
,85,Europe466,
,86,Europe466,
,85,Europe466,
,86,Europe466,
,85,Europe466,
,86,Europe466,
,85,Europe466,
,86,Europe466,
,85,Europe466,
,86,Europe466,
,85,Europe466,
,86,Europe466,
,85,Europe466,
,86,Europe466,
,85,Europe466,
,86,Europe466,
,74,Europe458,
,75,Europe458,
,74,Europe458,
,75,Europe458,
,74,Europe458,
,75,Europe458,
,74,Europe458,
,75,Europe458,
,74,Europe458,
,75,Europe458,
,87,Europe467,
,88,Europe467,
,74,Europe458,
,75,Europe458,
,74,Europe458,
,75,Europe458,
,74,Europe458,
,75,Europe458,
,87,Europe467,
,88,Europe467,
,87,Europe467,
,88,Europe467,
,87,Europe467,
,88,Europe467,
,87,Europe467,
,88,Europe467,
,87,Europe467,
,88,Europe467,
,87,Europe467,
,88,Europe467,
,87,Europe467,
,88,Europe467,
,62,Europe450,
,63,Europe450,
,87,Europe467,
,88,Europe467,
,87,Europe467,
,88,Europe467,
,87,Europe467,
,88,Europe467,
,87,Europe467,
,88,Europe467,
,87,Europe467,
,88,Europe467,
,87,Europe467,
,88,Europe467,
,87,Europe467,
,88,Europe467,
,87,Europe467,
,88,Europe467,
,87,Europe467,
,88,Europe467,
,72,Europe456,
,72,Europe456,
,72,Europe456,
,72,Europe456,
,72,Europe456,
,72,Europe456,
,72,Europe456,
,72,Europe456,
,72,Europe456,
,72,Europe456,
,72,Europe456,
,72,Europe456,
,68,Europe453,
,66,Europe452,
,67,Europe452,
,66,Europe452,
,67,Europe452,
,66,Europe452,
,67,Europe452,
,66,Europe452,
,67,Europe452,
,66,Europe452,
,67,Europe452,
,66,Europe452,
,67,Europe452,
,77,Europe460,
,78,Europe460,
,72,Europe456,
kingston upon hull,66,Europe452,kingston upon hull
kingston upon hull,67,Europe452,kingston upon hull
,66,Europe452,
,67,Europe452,
,66,Europe452,
,67,Europe452,
,66,Europe452,
,67,Europe452,
lincoln,77,Europe460,lincoln
lincoln,78,Europe460,lincoln
,66,Europe452,
,67,Europe452,
,66,Europe452,
,67,Europe452,
,66,Europe452,
,67,Europe452,
,66,Europe452,
,67,Europe452,
,66,Europe452,
,67,Europe452,
,66,Europe452,
,67,Europe452,
,89,Europe468,
,89,Europe468,
,89,Europe468,
,89,Europe468,
,89,Europe468,
,89,Europe468,
,89,Europe468,
,89,Europe468,
,89,Europe468,
,89,Europe468,
,38,Europe391,
,39,Europe391,
,76,Europe459,
,76,Europe459,
,76,Europe459,
,76,Europe459,
,76,Europe459,
,76,Europe459,
,76,Europe459,
,76,Europe459,
,76,Europe459,
,76,Europe459,
,76,Europe459,
,76,Europe459,
,76,Europe459,
,81,Europe462,
,50,Europe400,
,50,Europe400,
,50,Europe400,
,50,Europe400,
,49,Europe399,
,50,Europe400,
,50,Europe400,
,50,Europe400,
,50,Europe400,
,50,Europe400,
,50,Europe400,
,50,Europe400,
,50,Europe400,
,50,Europe400,
,50,Europe400,
,50,Europe400,
,50,Europe400,
,49,Europe399,
,50,Europe400,
,50,Europe400,
,50,Europe400,
,50,Europe400,
,50,Europe400,
,50,Europe400,
,50,Europe400,
,50,Europe400,
,50,Europe400,
,50,Europe400,
,50,Europe400,
,50,Europe400,
,50,Europe400,
,50,Europe400,
,50,Europe400,
,50,Europe400,
,50,Europe400,
,50,Europe400,
,50,Europe400,
,50,Europe400,
,50,Europe400,
,50,Europe400,
,50,Europe400,
,50,Europe400,
,50,Europe400,
,21,Europe1306,
,21,Europe1306,
,21,Europe1306,
,21,Europe1306,
dunfermline,17,Europe1304,dunfermline
dunfermline,18,Europe1304,dunfermline
dunfermline,17,Europe1304,dunfermline
dunfermline,18,Europe1304,dunfermline
,21,Europe1306,
,21,Europe1306,
,21,Europe1306,
,21,Europe1306,
,21,Europe1306,
,21,Europe1306,
,21,Europe1306,
,21,Europe1306,
dalkeith,11,Europe1301,dalkeith
dalkeith,12,Europe1301,dalkeith
,11,Europe1301,
,12,Europe1301,
,11,Europe1301,
,12,Europe1301,
,11,Europe1301,
,12,Europe1301,
,11,Europe1301,
,12,Europe1301,
,11,Europe1301,
,12,Europe1301,
,11,Europe1301,
,12,Europe1301,
,11,Europe1301,
,12,Europe1301,
,11,Europe1301,
,12,Europe1301,
,11,Europe1301,
,12,Europe1301,
,11,Europe1301,
,12,Europe1301,
,11,Europe1301,
,12,Europe1301,
,21,Europe1306,
,21,Europe1306,
,21,Europe1306,
,21,Europe1306,
dalkeith,11,Europe1301,dalkeith
dalkeith,12,Europe1301,dalkeith
dalkeith,11,Europe1301,dalkeith
dalkeith,12,Europe1301,dalkeith
,11,Europe1301,
,12,Europe1301,
,11,Europe1301,
,12,Europe1301,
,11,Europe1301,
,12,Europe1301,
,11,Europe1301,
,12,Europe1301,
,11,Europe1301,
,12,Europe1301,
,11,Europe1301,
,12,Europe1301,
,11,Europe1301,
,12,Europe1301,
,11,Europe1301,
,12,Europe1301,
,11,Europe1301,
,12,Europe1301,
,11,Europe1301,
,12,Europe1301,
,9,Europe1299,
,9,Europe1299,
,9,Europe1299,
,11,Europe1301,
,12,Europe1301,
,21,Europe1306,
,21,Europe1306,
,21,Europe1306,
,21,Europe1306,
,21,Europe1306,
,21,Europe1306,
,21,Europe1306,
,21,Europe1306,
,50,Europe400,
,50,Europe400,
,50,Europe400,
,50,Europe400,
,50,Europe400,
,50,Europe400,
,50,Europe400,
,50,Europe400,
,50,Europe400,
,50,Europe400,
,50,Europe400,
,56,Europe446,
,57,Europe446,
,56,Europe446,
,57,Europe446,
,56,Europe446,
,57,Europe446,
,56,Europe446,
,57,Europe446,
,56,Europe446,
,57,Europe446,
,56,Europe446,
,57,Europe446,
,56,Europe446,
,57,Europe446,
,56,Europe446,
,57,Europe446,
,56,Europe446,
,57,Europe446,
,56,Europe446,
,57,Europe446,
,56,Europe446,
,57,Europe446,
,89,Europe468,
,89,Europe468,
,56,Europe446,
,57,Europe446,
,56,Europe446,
,57,Europe446,
,56,Europe446,
,57,Europe446,
,56,Europe446,
,57,Europe446,
,56,Europe446,
,57,Europe446,
,56,Europe446,
,57,Europe446,
,56,Europe446,
,57,Europe446,
,90,Europe469,
,91,Europe469,
,90,Europe469,
,91,Europe469,
,90,Europe469,
,91,Europe469,
,89,Europe468,
,56,Europe446,
,57,Europe446,
,56,Europe446,
,57,Europe446,
,56,Europe446,
,57,Europe446,
,56,Europe446,
,57,Europe446,
,56,Europe446,
,57,Europe446,
,56,Europe446,
,57,Europe446,
,56,Europe446,
,57,Europe446,
,56,Europe446,
,57,Europe446,
plymouth,90,Europe469,plymouth
plymouth,91,Europe469,plymouth
,21,Europe1306,
,21,Europe1306,
,21,Europe1306,
,21,Europe1306,
,21,Europe1306,
,21,Europe1306,
,21,Europe1306,
,10,Europe1300,
,21,Europe1306,
,21,Europe1306,
,21,Europe1306,
,21,Europe1306,
,21,Europe1306,
,21,Europe1306,
,21,Europe1306,
,21,Europe1306,
,21,Europe1306,
,6,Europe1296,
,6,Europe1296,
,26,Europe1309,
,6,Europe1296,
preston,62,Europe450,preston
preston,63,Europe450,preston
preston,62,Europe450,preston
preston,63,Europe450,preston
,62,Europe450,
,63,Europe450,
,62,Europe450,
,63,Europe450,
,62,Europe450,
,63,Europe450,
,62,Europe450,
,63,Europe450,
preston,62,Europe450,preston
preston,63,Europe450,preston
preston,62,Europe450,preston
preston,63,Europe450,preston
,29,Europe1312,
,29,Europe1312,
,29,Europe1312,
,29,Europe1312,
,29,Europe1312,
,29,Europe1312,
,29,Europe1312,
,29,Europe1312,
,29,Europe1312,
,29,Europe1312,
,29,Europe1312,
,29,Europe1312,
,29,Europe1312,
,10,Europe1300,
,29,Europe1312,
,29,Europe1312,
,29,Europe1312,
,29,Europe1312,
,29,Europe1312,
,29,Europe1312,
,29,Europe1312,
,29,Europe1312,
,29,Europe1312,
,29,Europe1312,
,29,Europe1312,
,29,Europe1312,
,29,Europe1312,
,29,Europe1312,
,10,Europe1300,
,29,Europe1312,
,10,Europe1300,
,10,Europe1300,
,29,Europe1312,
,29,Europe1312,
,10,Europe1300,
,29,Europe1312,
,29,Europe1312,
,29,Europe1312,
,29,Europe1312,
,29,Europe1312,
,29,Europe1312,
,29,Europe1312,
,29,Europe1312,
,29,Europe1312,
,15,Europe1303,
,16,Europe1303,
,15,Europe1303,
,16,Europe1303,
,29,Europe1312,
,10,Europe1300,
,26,Europe1309,
,10,Europe1300,
,71,Europe455,
,71,Europe455,
,71,Europe455,
,71,Europe455,
,79,Europe461,
,80,Europe461,
,79,Europe461,
,80,Europe461,
,79,Europe461,
,80,Europe461,
,79,Europe461,
,80,Europe461,
,79,Europe461,
,80,Europe461,
,79,Europe461,
,80,Europe461,
,79,Europe461,
,80,Europe461,
,79,Europe461,
,80,Europe461,
,79,Europe461,
,80,Europe461,
,71,Europe455,
,71,Europe455,
,71,Europe455,
,71,Europe455,
,71,Europe455,
,71,Europe455,
,71,Europe455,
,71,Europe455,
,71,Europe455,
,71,Europe455,
,71,Europe455,
,71,Europe455,
,71,Europe455,
,71,Europe455,
,53,Europe403,
,53,Europe403,
,53,Europe403,
,53,Europe403,
,53,Europe403,
,53,Europe403,
,53,Europe403,
,53,Europe403,
,53,Europe403,
,53,Europe403,
,53,Europe403,
,53,Europe403,
,53,Europe403,
,53,Europe403,
,53,Europe403,
,53,Europe403,
,53,Europe403,
,53,Europe403,
,53,Europe403,
,53,Europe403,
,53,Europe403,
,53,Europe403,
,53,Europe403,
,43,Europe394,
,53,Europe403,
,53,Europe403,
,53,Europe403,
,53,Europe403,
,53,Europe403,
,53,Europe403,
,53,Europe403,
,53,Europe403,
,53,Europe403,
,53,Europe403,
,53,Europe403,
,53,Europe403,
,53,Europe403,
,53,Europe403,
,43,Europe394,
,43,Europe394,
,43,Europe394,
,43,Europe394,
,43,Europe394,
,43,Europe394,
,43,Europe394,
,43,Europe394,
,50,Europe400,
,43,Europe394,
,68,Europe453,
,68,Europe453,
,68,Europe453,
,68,Europe453,
,68,Europe453,
,68,Europe453,
,68,Europe453,
,68,Europe453,
,68,Europe453,
,68,Europe453,
,68,Europe453,
,68,Europe453,
,87,Europe467,
,88,Europe467,
,68,Europe453,
,50,Europe400,
,50,Europe400,
,50,Europe400,
,50,Europe400,
,50,Europe400,
,49,Europe399,
,49,Europe399,
,49,Europe399,
,49,Europe399,
,49,Europe399,
,49,Europe399,
,49,Europe399,
,49,Europe399,
,49,Europe399,
,49,Europe399,
,49,Europe399,
,49,Europe399,
,49,Europe399,
,50,Europe400,
,50,Europe400,
,50,Europe400,
,50,Europe400,
,50,Europe400,
,49,Europe399,
,81,Europe462,
,81,Europe462,
,81,Europe462,
,81,Europe462,
,81,Europe462,
,81,Europe462,
,81,Europe462,
,71,Europe455,
,71,Europe455,
,3,Europe1020,
,3,Europe1020,
harris,1,Europe1019,harris
harris,2,Europe1019,harris
,1,Europe1019,
,2,Europe1019,
harris,1,Europe1019,harris
harris,2,Europe1019,harris
,1,Europe1019,
,2,Europe1019,
,1,Europe1019,
,2,Europe1019,
harris,1,Europe1019,harris
harris,2,Europe1019,harris
,1,Europe1019,
,2,Europe1019,
kingston upon hull,66,Europe452,kingston upon hull
kingston upon hull,67,Europe452,kingston upon hull
,66,Europe452,
,67,Europe452,
,66,Europe452,
,67,Europe452,
,66,Europe452,
,67,Europe452,
,66,Europe452,
,67,Europe452,
,66,Europe452,
,67,Europe452,
,66,Europe452,
,67,Europe452,
,66,Europe452,
,67,Europe452,
,66,Europe452,
,67,Europe452,
,66,Europe452,
,67,Europe452,
,66,Europe452,
,67,Europe452,
,66,Europe452,
,67,Europe452,
,66,Europe452,
,67,Europe452,
,66,Europe452,
,67,Europe452,
,66,Europe452,
,67,Europe452,
,66,Europe452,
,67,Europe452,
,66,Europe452,
,67,Europe452,
,66,Europe452,
,67,Europe452,
,66,Europe452,
,67,Europe452,
,66,Europe452,
,67,Europe452,
,68,Europe453,
,68,Europe453,
,68,Europe453,
,68,Europe453,
,68,Europe453,
,68,Europe453,
,68,Europe453,
,50,Europe400,
,50,Europe400,
,50,Europe400,
,50,Europe400,
,50,Europe400,
,50,Europe400,
,50,Europe400,
,50,Europe400,
,50,Europe400,
,50,Europe400,
,50,Europe400,
,44,Europe395,
,45,Europe395,
,44,Europe395,
,45,Europe395,
,44,Europe395,
,45,Europe395,
,44,Europe395,
,45,Europe395,
,44,Europe395,
,45,Europe395,
,44,Europe395,
,45,Europe395,
,44,Europe395,
,45,Europe395,
,44,Europe395,
,45,Europe395,
,44,Europe395,
,45,Europe395,
,44,Europe395,
,45,Europe395,
,44,Europe395,
,45,Europe395,
,44,Europe395,
,45,Europe395,
,44,Europe395,
,45,Europe395,
,44,Europe395,
,45,Europe395,
,44,Europe395,
,45,Europe395,
,44,Europe395,
,45,Europe395,
,44,Europe395,
,45,Europe395,
,48,Europe398,
,48,Europe398,
,48,Europe398,
,48,Europe398,
,48,Europe398,
,48,Europe398,
,46,Europe396,
,48,Europe398,
,42,Europe393,
,46,Europe396,
,46,Europe396,
,46,Europe396,
,44,Europe395,
,45,Europe395,
,46,Europe396,
,46,Europe396,
,46,Europe396,
,7,Europe1297,
,7,Europe1297,
,7,Europe1297,
,4,Europe1295,
,5,Europe1295,
,7,Europe1297,
,7,Europe1297,
,7,Europe1297,
,7,Europe1297,
,7,Europe1297,
,7,Europe1297,
,7,Europe1297,
,19,Europe1305,
,20,Europe1305,
,8,Europe1298,
,7,Europe1297,
,7,Europe1297,
,7,Europe1297,
,7,Europe1297,
,7,Europe1297,
,7,Europe1297,
,7,Europe1297,
portree,4,Europe1295,portree
portree,5,Europe1295,portree
,4,Europe1295,
,5,Europe1295,
,4,Europe1295,
,5,Europe1295,
,7,Europe1297,
,7,Europe1297,
,7,Europe1297,
,7,Europe1297,
,7,Europe1297,
,19,Europe1305,
,20,Europe1305,
,19,Europe1305,
,20,Europe1305,
,19,Europe1305,
,20,Europe1305,
,19,Europe1305,
,20,Europe1305,
portree,4,Europe1295,portree
portree,5,Europe1295,portree
,4,Europe1295,
,5,Europe1295,
,4,Europe1295,
,5,Europe1295,
,4,Europe1295,
,5,Europe1295,
,4,Europe1295,
,5,Europe1295,
,4,Europe1295,
,5,Europe1295,
,4,Europe1295,
,5,Europe1295,
,4,Europe1295,
,5,Europe1295,
,4,Europe1295,
,5,Europe1295,
,4,Europe1295,
,5,Europe1295,
,4,Europe1295,
,5,Europe1295,
,4,Europe1295,
,5,Europe1295,
,4,Europe1295,
,5,Europe1295,
,4,Europe1295,
,5,Europe1295,
harris,1,Europe1019,harris
harris,2,Europe1019,harris
,4,Europe1295,
,5,Europe1295,
,27,Europe1310,
,22,Europe1307,
,23,Europe1307,
,22,Europe1307,
,23,Europe1307,
,15,Europe1303,
,16,Europe1303,
,22,Europe1307,
,23,Europe1307,
,22,Europe1307,
,23,Europe1307,
,22,Europe1307,
,23,Europe1307,
,22,Europe1307,
,23,Europe1307,
,22,Europe1307,
,23,Europe1307,
,22,Europe1307,
,23,Europe1307,
kilmarnock,22,Europe1307,kilmarnock
kilmarnock,23,Europe1307,kilmarnock
,22,Europe1307,
,23,Europe1307,
,22,Europe1307,
,23,Europe1307,
,22,Europe1307,
,23,Europe1307,
,22,Europe1307,
,23,Europe1307,
,22,Europe1307,
,23,Europe1307,
,22,Europe1307,
,23,Europe1307,
,22,Europe1307,
,23,Europe1307,
,22,Europe1307,
,23,Europe1307,
,22,Europe1307,
,23,Europe1307,
,22,Europe1307,
,23,Europe1307,
,22,Europe1307,
,23,Europe1307,
,22,Europe1307,
,23,Europe1307,
,22,Europe1307,
,23,Europe1307,
,22,Europe1307,
,23,Europe1307,
,22,Europe1307,
,23,Europe1307,
,22,Europe1307,
,23,Europe1307,
,26,Europe1309,
,22,Europe1307,
,23,Europe1307,
,22,Europe1307,
,23,Europe1307,
,22,Europe1307,
,23,Europe1307,
,43,Europe394,
,43,Europe394,
,43,Europe394,
,43,Europe394,
,43,Europe394,
,43,Europe394,
,43,Europe394,
,43,Europe394,
,43,Europe394,
,43,Europe394,
,43,Europe394,
,43,Europe394,
,43,Europe394,
,53,Europe403,
,43,Europe394,
,43,Europe394,
,43,Europe394,
,43,Europe394,
,43,Europe394,
,43,Europe394,
,43,Europe394,
,43,Europe394,
,43,Europe394,
,43,Europe394,
,28,Europe1311,
,28,Europe1311,
,28,Europe1311,
,28,Europe1311,
,28,Europe1311,
,28,Europe1311,
,7,Europe1297,
,7,Europe1297,
,7,Europe1297,
,28,Europe1311,
,28,Europe1311,
,28,Europe1311,
,28,Europe1311,
,24,Europe1308,
,25,Europe1308,
kirkwall,24,Europe1308,kirkwall
kirkwall,25,Europe1308,kirkwall
kirkwall,24,Europe1308,kirkwall
kirkwall,25,Europe1308,kirkwall
,17,Europe1304,
,18,Europe1304,
,17,Europe1304,
,18,Europe1304,
dunfermline,17,Europe1304,dunfermline
dunfermline,18,Europe1304,dunfermline
,17,Europe1304,
,18,Europe1304,
,17,Europe1304,
,18,Europe1304,
,17,Europe1304,
,18,Europe1304,
,17,Europe1304,
,18,Europe1304,
,17,Europe1304,
,18,Europe1304,
,17,Europe1304,
,18,Europe1304,
,17,Europe1304,
,18,Europe1304,
,17,Europe1304,
,18,Europe1304,
,17,Europe1304,
,18,Europe1304,
,17,Europe1304,
,18,Europe1304,
,17,Europe1304,
,18,Europe1304,
,17,Europe1304,
,18,Europe1304,
,17,Europe1304,
,18,Europe1304,
,73,Europe457,
,73,Europe457,
,73,Europe457,
,73,Europe457,
,73,Europe457,
,73,Europe457,
,69,Europe454,
,70,Europe454,
,69,Europe454,
,70,Europe454,
,73,Europe457,
,73,Europe457,
,73,Europe457,
,73,Europe457,
,69,Europe454,
,70,Europe454,
,73,Europe457,
,69,Europe454,
,70,Europe454,
,73,Europe457,
,69,Europe454,
,70,Europe454,
,69,Europe454,
,70,Europe454,
,69,Europe454,
,70,Europe454,
,73,Europe457,
,73,Europe457,
wrexham,69,Europe454,wrexham
wrexham,70,Europe454,wrexham
,73,Europe457,
,69,Europe454,
,70,Europe454,
,73,Europe457,
,73,Europe457,
,73,Europe457,
,73,Europe457,
,73,Europe457,
,73,Europe457,
,73,Europe457,
,73,Europe457,
,73,Europe457,
,73,Europe457,
,73,Europe457,
,73,Europe457,
,73,Europe457,
,73,Europe457,
,73,Europe457,
,62,Europe450,
,63,Europe450,
,85,Europe466,
,86,Europe466,
,62,Europe450,
,63,Europe450,
preston,62,Europe450,preston
preston,63,Europe450,preston
preston,62,Europe450,preston
preston,63,Europe450,preston
,85,Europe466,
,86,Europe466,
,85,Europe466,
,86,Europe466,
,85,Europe466,
,86,Europe466,
,85,Europe466,
,86,Europe466,
,85,Europe466,
,86,Europe466,
,85,Europe466,
,86,Europe466,
,85,Europe466,
,86,Europe466,
,85,Europe466,
,86,Europe466,
preston,62,Europe450,preston
preston,63,Europe450,preston
carlisle,85,Europe466,carlisle
carlisle,86,Europe466,carlisle
,85,Europe466,
,86,Europe466,
,85,Europe466,
,86,Europe466,
,85,Europe466,
,86,Europe466,
,85,Europe466,
,86,Europe466,
,85,Europe466,
,86,Europe466,
,85,Europe466,
,86,Europe466,
,85,Europe466,
,86,Europe466,
,85,Europe466,
,86,Europe466,
,85,Europe466,
,86,Europe466,
,81,Europe462,
,81,Europe462,
,81,Europe462,
,81,Europe462,
,81,Europe462,
,81,Europe462,
,81,Europe462,
,81,Europe462,
,84,Europe465,
,84,Europe465,
,84,Europe465,
,84,Europe465,
,84,Europe465,
,84,Europe465,
,84,Europe465,
,84,Europe465,
,84,Europe465,
,84,Europe465,
,84,Europe465,
,84,Europe465,
,37,Europe390,
,37,Europe390,
,37,Europe390,
,84,Europe465,
,84,Europe465,
,84,Europe465,
,84,Europe465,
,84,Europe465,
,84,Europe465,
,69,Europe454,
,70,Europe454,
,69,Europe454,
,70,Europe454,
,69,Europe454,
,70,Europe454,
,69,Europe454,
,70,Europe454,
,69,Europe454,
,70,Europe454,
,69,Europe454,
,70,Europe454,
,69,Europe454,
,70,Europe454,
,69,Europe454,
,70,Europe454,
,69,Europe454,
,70,Europe454,
,69,Europe454,
,70,Europe454,
,69,Europe454,
,70,Europe454,
,69,Europe454,
,70,Europe454,
,69,Europe454,
,70,Europe454,
,69,Europe454,
,70,Europe454,
,69,Europe454,
,70,Europe454,
,69,Europe454,
,70,Europe454,
,69,Europe454,
,70,Europe454,
,69,Europe454,
,70,Europe454,
,69,Europe454,
,70,Europe454,
,69,Europe454,
,70,Europe454,
,69,Europe454,
,70,Europe454,
,69,Europe454,
,70,Europe454,
,69,Europe454,
,70,Europe454,
,69,Europe454,
,70,Europe454,
,60,Europe449,
,61,Europe449,
,60,Europe449,
,61,Europe449,
,60,Europe449,
,61,Europe449,
,60,Europe449,
,61,Europe449,
,60,Europe449,
,61,Europe449,
,60,Europe449,
,61,Europe449,
,60,Europe449,
,61,Europe449,
,60,Europe449,
,61,Europe449,
,60,Europe449,
,61,Europe449,
,60,Europe449,
,61,Europe449,
,60,Europe449,
,61,Europe449,
,60,Europe449,
,61,Europe449,
,60,Europe449,
,61,Europe449,
,60,Europe449,
,61,Europe449,
,60,Europe449,
,61,Europe449,
,60,Europe449,
,61,Europe449,
,60,Europe449,
,61,Europe449,
,60,Europe449,
,61,Europe449,
,60,Europe449,
,61,Europe449,
,69,Europe454,
,70,Europe454,
,60,Europe449,
,61,Europe449,
,69,Europe454,
,70,Europe454,
,60,Europe449,
,61,Europe449,
,60,Europe449,
,61,Europe449,
,60,Europe449,
,61,Europe449,
,60,Europe449,
,61,Europe449,
,60,Europe449,
,61,Europe449,
,60,Europe449,
,61,Europe449,
bangor,60,Europe449,bangor
bangor,61,Europe449,bangor
,60,Europe449,
,61,Europe449,
,60,Europe449,
,61,Europe449,
bangor,60,Europe449,bangor
bangor,61,Europe449,bangor
,60,Europe449,
,61,Europe449,
,60,Europe449,
,61,Europe449,
,60,Europe449,
,61,Europe449,
,60,Europe449,
,61,Europe449,
bangor,60,Europe449,bangor
bangor,61,Europe449,bangor
,60,Europe449,
,61,Europe449,
bangor,60,Europe449,bangor
bangor,61,Europe449,bangor
,60,Europe449,
,61,Europe449,
,60,Europe449,
,61,Europe449,
,60,Europe449,
,61,Europe449,
,60,Europe449,
,61,Europe449,
,77,Europe460,
,78,Europe460,
,77,Europe460,
,78,Europe460,
,77,Europe460,
,78,Europe460,
,77,Europe460,
,78,Europe460,
,77,Europe460,
,78,Europe460,
,77,Europe460,
,78,Europe460,
,66,Europe452,
,67,Europe452,
,66,Europe452,
,67,Europe452,
,77,Europe460,
,78,Europe460,
,77,Europe460,
,78,Europe460,
,77,Europe460,
,78,Europe460,
,77,Europe460,
,78,Europe460,
,77,Europe460,
,78,Europe460,
,68,Europe453,
,68,Europe453,
,68,Europe453,
,68,Europe453,
,68,Europe453,
,68,Europe453,
,68,Europe453,
,68,Europe453,
,68,Europe453,
,68,Europe453,
,68,Europe453,
,68,Europe453,
,68,Europe453,
,68,Europe453,
,68,Europe453,
,68,Europe453,
,68,Europe453,
,68,Europe453,
,68,Europe453,
,68,Europe453,
,68,Europe453,
,68,Europe453,
,68,Europe453,
,68,Europe453,
,68,Europe453,
,68,Europe453,
,68,Europe453,
,68,Europe453,
,68,Europe453,
,50,Europe400,
,51,Europe401,
,51,Europe401,
,50,Europe400,
,51,Europe401,
,50,Europe400,
,50,Europe400,
,73,Europe457,
,73,Europe457,
,73,Europe457,
,73,Europe457,
,73,Europe457,
,73,Europe457,
,73,Europe457,
,73,Europe457,
,73,Europe457,
,73,Europe457,
,73,Europe457,
,73,Europe457,
,73,Europe457,
,73,Europe457,
,73,Europe457,
,73,Europe457,
,73,Europe457,
,73,Europe457,
,73,Europe457,
,73,Europe457,
,73,Europe457,
,73,Europe457,
,73,Europe457,
,73,Europe457,
,73,Europe457,
,73,Europe457,
,73,Europe457,
,73,Europe457,
,73,Europe457,
,73,Europe457,
,73,Europe457,
,73,Europe457,
,73,Europe457,
,73,Europe457,
,73,Europe457,
,73,Europe457,
,73,Europe457,
,73,Europe457,
,73,Europe457,
,73,Europe457,
,73,Europe457,
,73,Europe457,
,73,Europe457,
,35,Europe389,
,36,Europe389,
,35,Europe389,
,36,Europe389,
,35,Europe389,
,36,Europe389,
,35,Europe389,
,36,Europe389,
,35,Europe389,
,36,Europe389,
,35,Europe389,
,36,Europe389,
,35,Europe389,
,36,Europe389,
,35,Europe389,
,36,Europe389,
,35,Europe389,
,36,Europe389,
,35,Europe389,
,36,Europe389,
,35,Europe389,
,36,Europe389,
,35,Europe389,
,36,Europe389,
,35,Europe389,
,36,Europe389,
,35,Europe389,
,36,Europe389,
,35,Europe389,
,36,Europe389,
,35,Europe389,
,36,Europe389,
,35,Europe389,
,36,Europe389,
,35,Europe389,
,36,Europe389,
,35,Europe389,
,36,Europe389,
,35,Europe389,
,36,Europe389,
,51,Europe401,
,51,Europe401,
,51,Europe401,
,51,Europe401,
,51,Europe401,
,51,Europe401,
,51,Europe401,
,51,Europe401,
,51,Europe401,
,51,Europe401,
,51,Europe401,
,51,Europe401,
,51,Europe401,
,51,Europe401,
,51,Europe401,
,51,Europe401,
,51,Europe401,
,51,Europe401,
,51,Europe401,
,47,Europe397,
,47,Europe397,
,47,Europe397,
,51,Europe401,
,32,Europe387,
,51,Europe401,
,51,Europe401,
,29,Europe1312,
,29,Europe1312,
,29,Europe1312,
,29,Europe1312,
,29,Europe1312,
,29,Europe1312,
,29,Europe1312,
,29,Europe1312,
,29,Europe1312,
,29,Europe1312,
,29,Europe1312,
,29,Europe1312,
,50,Europe400,
,50,Europe400,
,50,Europe400,
,50,Europe400,
,50,Europe400,
,50,Europe400,
,50,Europe400,
,50,Europe400,
,50,Europe400,
,50,Europe400,
,50,Europe400,
,50,Europe400,
,50,Europe400,
,50,Europe400,
,50,Europe400,
,50,Europe400,
,50,Europe400,
,50,Europe400,
,50,Europe400,
,50,Europe400,
,50,Europe400,
,50,Europe400,
,50,Europe400,
,74,Europe458,
,75,Europe458,
,74,Europe458,
,75,Europe458,
,74,Europe458,
,75,Europe458,
,74,Europe458,
,75,Europe458,
,74,Europe458,
,75,Europe458,
,74,Europe458,
,75,Europe458,
,74,Europe458,
,75,Europe458,
,74,Europe458,
,75,Europe458,
,74,Europe458,
,75,Europe458,
,74,Europe458,
,75,Europe458,
,74,Europe458,
,75,Europe458,
,74,Europe458,
,75,Europe458,
,74,Europe458,
,75,Europe458,
,74,Europe458,
,75,Europe458,
,74,Europe458,
,75,Europe458,
,74,Europe458,
,75,Europe458,
,74,Europe458,
,75,Europe458,
,74,Europe458,
,75,Europe458,
,74,Europe458,
,75,Europe458,
,74,Europe458,
,75,Europe458,
,74,Europe458,
,75,Europe458,
,74,Europe458,
,75,Europe458,
,74,Europe458,
,75,Europe458,
,74,Europe458,
,75,Europe458,
newcastle upon tyne,74,Europe458,newcastle upon tyne
newcastle upon tyne,75,Europe458,newcastle upon tyne
,74,Europe458,
,75,Europe458,
,74,Europe458,
,75,Europe458,
,74,Europe458,
,75,Europe458,
middlesbrough,87,Europe467,middlesbrough
middlesbrough,88,Europe467,middlesbrough
,74,Europe458,
,75,Europe458,
,74,Europe458,
,75,Europe458,
,74,Europe458,
,75,Europe458,
,74,Europe458,
,75,Europe458,
,74,Europe458,
,75,Europe458,
,74,Europe458,
,75,Europe458,
,74,Europe458,
,75,Europe458,
,74,Europe458,
,75,Europe458,
,74,Europe458,
,75,Europe458,
,74,Europe458,
,75,Europe458,
,74,Europe458,
,75,Europe458,
,74,Europe458,
,75,Europe458,
,74,Europe458,
,75,Europe458,
,74,Europe458,
,75,Europe458,
,74,Europe458,
,75,Europe458,
,74,Europe458,
,75,Europe458,
,74,Europe458,
,75,Europe458,
,74,Europe458,
,75,Europe458,
,74,Europe458,
,75,Europe458,
,74,Europe458,
,75,Europe458,
,74,Europe458,
,75,Europe458,
,74,Europe458,
,75,Europe458,
newcastle upon tyne,74,Europe458,newcastle upon tyne
newcastle upon tyne,75,Europe458,newcastle upon tyne
,74,Europe458,
,75,Europe458,
,74,Europe458,
,75,Europe458,
,74,Europe458,
,75,Europe458,
newcastle upon tyne,74,Europe458,newcastle upon tyne
newcastle upon tyne,75,Europe458,newcastle upon tyne
newcastle upon tyne,74,Europe458,newcastle upon tyne
newcastle upon tyne,75,Europe458,newcastle upon tyne
,74,Europe458,
,75,Europe458,
,9,Europe1299,
,58,Europe447,
,58,Europe447,
,58,Europe447,
,58,Europe447,
,58,Europe447,
,58,Europe447,
,58,Europe447,
,58,Europe447,
,58,Europe447,
,58,Europe447,
,58,Europe447,
,58,Europe447,
,58,Europe447,
,58,Europe447,
,58,Europe447,
,58,Europe447,
,58,Europe447,
,58,Europe447,
,58,Europe447,
,72,Europe456,
,58,Europe447,
,58,Europe447,
,58,Europe447,
,58,Europe447,
,58,Europe447,
,37,Europe390,
,37,Europe390,
,37,Europe390,
,37,Europe390,
,58,Europe447,
,47,Europe397,
,47,Europe397,
,47,Europe397,
,47,Europe397,
,47,Europe397,
,47,Europe397,
,47,Europe397,
,47,Europe397,
,47,Europe397,
,47,Europe397,
,47,Europe397,
,47,Europe397,
,52,Europe402,
,47,Europe397,
,47,Europe397,
,47,Europe397,
,47,Europe397,
,47,Europe397,
,47,Europe397,
,59,Europe448,
,59,Europe448,
,59,Europe448,
,59,Europe448,
,59,Europe448,
,59,Europe448,
,59,Europe448,
,59,Europe448,
,59,Europe448,
,59,Europe448,
,59,Europe448,
,59,Europe448,
,59,Europe448,
,59,Europe448,
,59,Europe448,
,59,Europe448,
,59,Europe448,
,59,Europe448,
,48,Europe398,
,48,Europe398,
,48,Europe398,
,48,Europe398,
,48,Europe398,
,48,Europe398,
,48,Europe398,
,48,Europe398,
,48,Europe398,
,48,Europe398,
,48,Europe398,
,48,Europe398,
,48,Europe398,
,48,Europe398,
,48,Europe398,
,48,Europe398,
,48,Europe398,
,48,Europe398,
,48,Europe398,
,48,Europe398,
,42,Europe393,
,42,Europe393,
,42,Europe393,
,48,Europe398,
,48,Europe398,
,48,Europe398,
,48,Europe398,
,48,Europe398,
,48,Europe398,
,48,Europe398,
,48,Europe398,
,48,Europe398,
,48,Europe398,
,48,Europe398,
,48,Europe398,
,50,Europe400,
,43,Europe394,
,50,Europe400,
,50,Europe400,
,50,Europe400,
,43,Europe394,
,50,Europe400,
,50,Europe400,
,43,Europe394,
,43,Europe394,
,50,Europe400,
,73,Europe457,
,73,Europe457,
,68,Europe453,
,73,Europe457,
,73,Europe457,
,73,Europe457,
,73,Europe457,
,73,Europe457,
,73,Europe457,
,73,Europe457,
,73,Europe457,
,73,Europe457,
,62,Europe450,
,63,Europe450,
,68,Europe453,
,73,Europe457,
,73,Europe457,
,52,Europe402,
,52,Europe402,
,52,Europe402,
,52,Europe402,
,52,Europe402,
,52,Europe402,
,49,Europe399,
,52,Europe402,
,52,Europe402,
,52,Europe402,
,52,Europe402,
,52,Europe402,
,52,Europe402,
,52,Europe402,
,52,Europe402,
,52,Europe402,
,52,Europe402,
,52,Europe402,
,52,Europe402,
,52,Europe402,
,52,Europe402,
,52,Europe402,
,52,Europe402,
,49,Europe399,
,52,Europe402,
,49,Europe399,
,15,Europe1303,
,16,Europe1303,
,15,Europe1303,
,16,Europe1303,
,15,Europe1303,
,16,Europe1303,
,15,Europe1303,
,16,Europe1303,
,15,Europe1303,
,16,Europe1303,
,15,Europe1303,
,16,Europe1303,
,15,Europe1303,
,16,Europe1303,
,10,Europe1300,
,15,Europe1303,
,16,Europe1303,
,15,Europe1303,
,16,Europe1303,
,15,Europe1303,
,16,Europe1303,
,22,Europe1307,
,23,Europe1307,
,15,Europe1303,
,16,Europe1303,
,15,Europe1303,
,16,Europe1303,
,15,Europe1303,
,16,Europe1303,
,15,Europe1303,
,16,Europe1303,
paisley,15,Europe1303,paisley
paisley,16,Europe1303,paisley
,15,Europe1303,
,16,Europe1303,
paisley,15,Europe1303,paisley
paisley,16,Europe1303,paisley
,15,Europe1303,
,16,Europe1303,
,26,Europe1309,
,26,Europe1309,
,15,Europe1303,
,16,Europe1303,
,26,Europe1309,
,26,Europe1309,
,26,Europe1309,
,26,Europe1309,
,26,Europe1309,
,26,Europe1309,
,26,Europe1309,
,26,Europe1309,
,26,Europe1309,
,26,Europe1309,
,26,Europe1309,
,26,Europe1309,
,26,Europe1309,
,26,Europe1309,
,26,Europe1309,
,13,Europe1302,
,14,Europe1302,
,13,Europe1302,
,14,Europe1302,
,13,Europe1302,
,14,Europe1302,
,13,Europe1302,
,14,Europe1302,
,13,Europe1302,
,14,Europe1302,
bowmore,13,Europe1302,bowmore
bowmore,14,Europe1302,bowmore
,13,Europe1302,
,14,Europe1302,
,13,Europe1302,
,14,Europe1302,
,13,Europe1302,
,14,Europe1302,
,13,Europe1302,
,14,Europe1302,
,13,Europe1302,
,14,Europe1302,
,26,Europe1309,
,26,Europe1309,
,26,Europe1309,
,26,Europe1309,
bowmore,13,Europe1302,bowmore
bowmore,14,Europe1302,bowmore
,26,Europe1309,
bowmore,13,Europe1302,bowmore
bowmore,14,Europe1302,bowmore
,26,Europe1309,
,26,Europe1309,
,26,Europe1309,
,26,Europe1309,
,26,Europe1309,
,26,Europe1309,
,26,Europe1309,
bowmore,13,Europe1302,bowmore
bowmore,14,Europe1302,bowmore
,1,Europe1019,
,2,Europe1019,
,26,Europe1309,
,26,Europe1309,
,37,Europe390,
,37,Europe390,
,37,Europe390,
,37,Europe390,
,37,Europe390,
,37,Europe390,
,37,Europe390,
,37,Europe390,
,37,Europe390,
,37,Europe390,
,37,Europe390,
,42,Europe393,
,42,Europe393,
,42,Europe393,
,46,Europe396,
,46,Europe396,
,46,Europe396,
,37,Europe390,
,37,Europe390,
,37,Europe390,
,77,Europe460,
,78,Europe460,
,77,Europe460,
,78,Europe460,
,77,Europe460,
,78,Europe460,
,37,Europe390,
,46,Europe396,
,37,Europe390,
,46,Europe396,
,42,Europe393,
,42,Europe393,
,42,Europe393,
,42,Europe393,
,42,Europe393,
,42,Europe393,
,42,Europe393,
,42,Europe393,
,42,Europe393,
,6,Europe1296,
,6,Europe1296,
,21,Europe1306,
,21,Europe1306,
,21,Europe1306,
,21,Europe1306,
,21,Europe1306,
,6,Europe1296,
,6,Europe1296,
,6,Europe1296,
,6,Europe1296,
,6,Europe1296,
,6,Europe1296,
,6,Europe1296,
,6,Europe1296,
,6,Europe1296,
,6,Europe1296,
,6,Europe1296,
,8,Europe1298,
,8,Europe1298,
,8,Europe1298,
,8,Europe1298,
,8,Europe1298,
,8,Europe1298,
,8,Europe1298,
,8,Europe1298,
,27,Europe1310,
,27,Europe1310,
,27,Europe1310,
,27,Europe1310,
,27,Europe1310,
,27,Europe1310,
,4,Europe1295,
,5,Europe1295,
,27,Europe1310,
portree,4,Europe1295,portree
portree,5,Europe1295,portree
,4,Europe1295,
,5,Europe1295,
,4,Europe1295,
,5,Europe1295,
,4,Europe1295,
,5,Europe1295,
,26,Europe1309,
,4,Europe1295,
,5,Europe1295,
harris,1,Europe1019,harris
harris,2,Europe1019,harris
,27,Europe1310,
,27,Europe1310,
,90,Europe469,
,91,Europe469,
,90,Europe469,
,91,Europe469,
,90,Europe469,
,91,Europe469,
,90,Europe469,
,91,Europe469,
,90,Europe469,
,91,Europe469,
,90,Europe469,
,91,Europe469,
,90,Europe469,
,91,Europe469,
,90,Europe469,
,91,Europe469,
,90,Europe469,
,91,Europe469,
,90,Europe469,
,91,Europe469,
,90,Europe469,
,91,Europe469,
,90,Europe469,
,91,Europe469,
,90,Europe469,
,91,Europe469,
,90,Europe469,
,91,Europe469,
,90,Europe469,
,91,Europe469,
,90,Europe469,
,91,Europe469,
,90,Europe469,
,91,Europe469,
,90,Europe469,
,91,Europe469,
,90,Europe469,
,91,Europe469,
,90,Europe469,
,91,Europe469,
,90,Europe469,
,91,Europe469,
,90,Europe469,
,91,Europe469,
,90,Europe469,
,91,Europe469,
,90,Europe469,
,91,Europe469,
,90,Europe469,
,91,Europe469,
,90,Europe469,
,91,Europe469,
,90,Europe469,
,91,Europe469,
plymouth,90,Europe469,plymouth
plymouth,91,Europe469,plymouth
,90,Europe469,
,91,Europe469,
,90,Europe469,
,91,Europe469,
,90,Europe469,
,91,Europe469,
,90,Europe469,
,91,Europe469,
,90,Europe469,
,91,Europe469,
,90,Europe469,
,91,Europe469,
,90,Europe469,
,91,Europe469,
,53,Europe403,
,53,Europe403,
,53,Europe403,
newport,40,Europe392,newport
newport,41,Europe392,newport
newport,40,Europe392,newport
newport,41,Europe392,newport
,53,Europe403,
,53,Europe403,
,53,Europe403,
,53,Europe403,
,53,Europe403,
,53,Europe403,
,53,Europe403,
,53,Europe403,
,53,Europe403,
,53,Europe403,
,53,Europe403,
,53,Europe403,
,33,Europe388,
,34,Europe388,
,33,Europe388,
,34,Europe388,
,33,Europe388,
,34,Europe388,
,33,Europe388,
,34,Europe388,
,33,Europe388,
,34,Europe388,
,40,Europe392,
,41,Europe392,
,40,Europe392,
,41,Europe392,
,40,Europe392,
,41,Europe392,
,40,Europe392,
,41,Europe392,
newport,40,Europe392,newport
newport,41,Europe392,newport
,40,Europe392,
,41,Europe392,
,40,Europe392,
,41,Europe392,
,40,Europe392,
,41,Europe392,
,40,Europe392,
,41,Europe392,
,40,Europe392,
,41,Europe392,
,40,Europe392,
,41,Europe392,
,40,Europe392,
,41,Europe392,
,62,Europe450,
,63,Europe450,
,62,Europe450,
,63,Europe450,
,62,Europe450,
,63,Europe450,
,62,Europe450,
,63,Europe450,
,62,Europe450,
,63,Europe450,
,62,Europe450,
,63,Europe450,
,62,Europe450,
,63,Europe450,
wrexham,69,Europe454,wrexham
wrexham,70,Europe454,wrexham
,62,Europe450,
,63,Europe450,
,62,Europe450,
,63,Europe450,
,62,Europe450,
,63,Europe450,
,53,Europe403,
,53,Europe403,
,53,Europe403,
,53,Europe403,
,53,Europe403,
,53,Europe403,
,53,Europe403,
,49,Europe399,
,49,Europe399,
,43,Europe394,
,53,Europe403,
,53,Europe403,
,53,Europe403,
,53,Europe403,
,53,Europe403,
,53,Europe403,
,53,Europe403,
,53,Europe403,
,53,Europe403,
,53,Europe403,
,53,Europe403,
,53,Europe403,
,53,Europe403,
,53,Europe403,
,53,Europe403,
,53,Europe403,
,53,Europe403,
,49,Europe399,
,43,Europe394,
,53,Europe403,
,43,Europe394,
,43,Europe394,
,43,Europe394,
,43,Europe394,
,43,Europe394,
,43,Europe394,
,43,Europe394,
,43,Europe394,
,43,Europe394,
,43,Europe394,
,43,Europe394,
,43,Europe394,
,43,Europe394,
,33,Europe388,
,34,Europe388,
,43,Europe394,
,43,Europe394,
,43,Europe394,
,33,Europe388,
,34,Europe388,
,43,Europe394,
,33,Europe388,
,34,Europe388,
,50,Europe400,
,50,Europe400,
,50,Europe400,
,50,Europe400,
,50,Europe400,
,50,Europe400,
,50,Europe400,
,50,Europe400,
,50,Europe400,
,50,Europe400,
,50,Europe400,
,50,Europe400,
,35,Europe389,
,36,Europe389,
,50,Europe400,
,50,Europe400,
,50,Europe400,
,50,Europe400,
,50,Europe400,
,50,Europe400,
,35,Europe389,
,36,Europe389,
,72,Europe456,
,72,Europe456,
,72,Europe456,
,72,Europe456,
,72,Europe456,
,82,Europe463,
,72,Europe456,
,72,Europe456,
,72,Europe456,
,82,Europe463,
,72,Europe456,
,72,Europe456,
,72,Europe456,
,72,Europe456,
,72,Europe456,
,72,Europe456,
,72,Europe456,
,72,Europe456,
,72,Europe456,
,72,Europe456,
,82,Europe463,
,82,Europe463,
,68,Europe453,
,68,Europe453,
,72,Europe456,
,72,Europe456,
,72,Europe456,
,72,Europe456,
,72,Europe456,
,72,Europe456,
,72,Europe456,
,72,Europe456,
,72,Europe456,
,72,Europe456,
,72,Europe456,
,72,Europe456,
,72,Europe456,
,72,Europe456,
,72,Europe456,
,72,Europe456,
,72,Europe456,
,72,Europe456,
,68,Europe453,
,72,Europe456,
,72,Europe456,
,59,Europe448,
,59,Europe448,
,59,Europe448,
,59,Europe448,
,59,Europe448,
,59,Europe448,
,59,Europe448,
,59,Europe448,
,59,Europe448,
,59,Europe448,
,59,Europe448,
,59,Europe448,
,59,Europe448,
,59,Europe448,
,59,Europe448,
,59,Europe448,
,59,Europe448,
,59,Europe448,
,59,Europe448,
,59,Europe448,
,59,Europe448,
,64,Europe451,
,65,Europe451,
,59,Europe448,
,64,Europe451,
,65,Europe451,
,64,Europe451,
,65,Europe451,
,64,Europe451,
,65,Europe451,
,64,Europe451,
,65,Europe451,
,64,Europe451,
,65,Europe451,
,64,Europe451,
,65,Europe451,
,64,Europe451,
,65,Europe451,
,64,Europe451,
,65,Europe451,
haverfordwest,64,Europe451,haverfordwest
haverfordwest,65,Europe451,haverfordwest
,64,Europe451,
,65,Europe451,
,64,Europe451,
,65,Europe451,
,64,Europe451,
,65,Europe451,
,64,Europe451,
,65,Europe451,
,64,Europe451,
,65,Europe451,
,64,Europe451,
,65,Europe451,
,64,Europe451,
,65,Europe451,
,64,Europe451,
,65,Europe451,
,64,Europe451,
,65,Europe451,
,64,Europe451,
,65,Europe451,
,64,Europe451,
,65,Europe451,
,64,Europe451,
,65,Europe451,
,64,Europe451,
,65,Europe451,
,64,Europe451,
,65,Europe451,
,64,Europe451,
,65,Europe451,
,64,Europe451,
,65,Europe451,
,64,Europe451,
,65,Europe451,
,64,Europe451,
,65,Europe451,
,64,Europe451,
,65,Europe451,
,50,Europe400,
,35,Europe389,
,36,Europe389,
,35,Europe389,
,36,Europe389,
,35,Europe389,
,36,Europe389,
,50,Europe400,
,35,Europe389,
,36,Europe389,
,50,Europe400,
,35,Europe389,
,36,Europe389,
,35,Europe389,
,36,Europe389,
,35,Europe389,
,36,Europe389,
,50,Europe400,
,35,Europe389,
,36,Europe389,
,35,Europe389,
,36,Europe389,
,35,Europe389,
,36,Europe389,
,50,Europe400,
,50,Europe400,
,50,Europe400,
,35,Europe389,
,36,Europe389,
,43,Europe394,
,35,Europe389,
,36,Europe389,
,43,Europe394,
,35,Europe389,
,36,Europe389,
,35,Europe389,
,36,Europe389,
,50,Europe400,
,43,Europe394,
,35,Europe389,
,36,Europe389,
,43,Europe394,
,50,Europe400,
,50,Europe400,
,50,Europe400,
,50,Europe400,
,50,Europe400,
,50,Europe400,
,50,Europe400,
,50,Europe400,
,50,Europe400,
,50,Europe400,
,50,Europe400,
,50,Europe400,
,50,Europe400,
,50,Europe400,
,50,Europe400,
,50,Europe400,
,50,Europe400,
,50,Europe400,
,50,Europe400,
,50,Europe400,
,73,Europe457,
,73,Europe457,
,73,Europe457,
,73,Europe457,
,73,Europe457,
,82,Europe463,
,73,Europe457,
,73,Europe457,
,73,Europe457,
,73,Europe457,
,73,Europe457,
,82,Europe463,
,73,Europe457,
,73,Europe457,
,73,Europe457,
,73,Europe457,
,82,Europe463,
,82,Europe463,
,82,Europe463,
,49,Europe399,
,49,Europe399,
,49,Europe399,
,49,Europe399,
,43,Europe394,
,43,Europe394,
,49,Europe399,
,49,Europe399,
,49,Europe399,
,49,Europe399,
,43,Europe394,
,43,Europe394,
,43,Europe394,
,43,Europe394,
,43,Europe394,
,43,Europe394,
,43,Europe394,
,52,Europe402,
,52,Europe402,
,52,Europe402,
,52,Europe402,
,52,Europe402,
,52,Europe402,
,52,Europe402,
,53,Europe403,
,53,Europe403,
,79,Europe461,
,80,Europe461,
,79,Europe461,
,80,Europe461,
,79,Europe461,
,80,Europe461,
,79,Europe461,
,80,Europe461,
,79,Europe461,
,80,Europe461,
,79,Europe461,
,80,Europe461,
,79,Europe461,
,80,Europe461,
,52,Europe402,
,52,Europe402,
,53,Europe403,
,53,Europe403,
,38,Europe391,
,39,Europe391,
,53,Europe403,
,53,Europe403,
,53,Europe403,
,53,Europe403,
,53,Europe403,
,53,Europe403,
,53,Europe403,
,53,Europe403,
,53,Europe403,
,53,Europe403,
,53,Europe403,
,38,Europe391,
,39,Europe391,
,38,Europe391,
,39,Europe391,
,38,Europe391,
,39,Europe391,
,38,Europe391,
,39,Europe391,
,38,Europe391,
,39,Europe391,
,53,Europe403,
,53,Europe403,
,53,Europe403,
,53,Europe403,
,53,Europe403,
,53,Europe403,
,53,Europe403,
,53,Europe403,
,53,Europe403,
,38,Europe391,
,39,Europe391,
,89,Europe468,
,89,Europe468,
,53,Europe403,
,53,Europe403,
,53,Europe403,
middlesbrough,87,Europe467,middlesbrough
middlesbrough,88,Europe467,middlesbrough
,74,Europe458,
,75,Europe458,
,74,Europe458,
,75,Europe458,
,74,Europe458,
,75,Europe458,
,74,Europe458,
,75,Europe458,
,74,Europe458,
,75,Europe458,
,74,Europe458,
,75,Europe458,
,74,Europe458,
,75,Europe458,
maidstone,35,Europe389,maidstone
maidstone,36,Europe389,maidstone
maidstone,35,Europe389,maidstone
maidstone,36,Europe389,maidstone
,50,Europe400,
chelmsford,54,Europe404,chelmsford
chelmsford,55,Europe404,chelmsford
,54,Europe404,
,55,Europe404,
,50,Europe400,
,50,Europe400,
,50,Europe400,
,50,Europe400,
,50,Europe400,
,50,Europe400,
,50,Europe400,
,50,Europe400,
,50,Europe400,
,50,Europe400,
,50,Europe400,
,50,Europe400,
,73,Europe457,
,73,Europe457,
,73,Europe457,
,73,Europe457,
,73,Europe457,
,73,Europe457,
,73,Europe457,
,73,Europe457,
,73,Europe457,
,73,Europe457,
,73,Europe457,
,73,Europe457,
,73,Europe457,
,73,Europe457,
,73,Europe457,
,76,Europe459,
,76,Europe459,
,76,Europe459,
,76,Europe459,
,76,Europe459,
,73,Europe457,
,50,Europe400,
,50,Europe400,
,50,Europe400,
,50,Europe400,
,50,Europe400,
,50,Europe400,
,50,Europe400,
,50,Europe400,
,43,Europe394,
,50,Europe400,
,43,Europe394,
,43,Europe394,
,43,Europe394,
,50,Europe400,
,50,Europe400,
,50,Europe400,
,43,Europe394,
,43,Europe394,
,43,Europe394,
,43,Europe394,
,43,Europe394,
,43,Europe394,
,43,Europe394,
,43,Europe394,
,43,Europe394,
,43,Europe394,
,43,Europe394,
,76,Europe459,
,76,Europe459,
,76,Europe459,
,76,Europe459,
,76,Europe459,
,81,Europe462,
,81,Europe462,
,81,Europe462,
,81,Europe462,
,81,Europe462,
,69,Europe454,
,70,Europe454,
,69,Europe454,
,70,Europe454,
,69,Europe454,
,70,Europe454,
,69,Europe454,
,70,Europe454,
,81,Europe462,
,81,Europe462,
,81,Europe462,
,81,Europe462,
,81,Europe462,
,64,Europe451,
,65,Europe451,
,81,Europe462,
,81,Europe462,
,64,Europe451,
,65,Europe451,
,64,Europe451,
,65,Europe451,
,64,Europe451,
,65,Europe451,
,79,Europe461,
,80,Europe461,
,79,Europe461,
,80,Europe461,
,79,Europe461,
,80,Europe461,
,79,Europe461,
,80,Europe461,
,79,Europe461,
,80,Europe461,
,79,Europe461,
,80,Europe461,
,79,Europe461,
,80,Europe461,
bristol,79,Europe461,bristol
bristol,80,Europe461,bristol
,79,Europe461,
,80,Europe461,
,89,Europe468,
,89,Europe468,
,89,Europe468,
,89,Europe468,
,89,Europe468,
,89,Europe468,
,89,Europe468,
,89,Europe468,
,89,Europe468,
,89,Europe468,
,89,Europe468,
,79,Europe461,
,80,Europe461,
,56,Europe446,
,57,Europe446,
,79,Europe461,
,80,Europe461,
,79,Europe461,
,80,Europe461,
,9,Europe1299,
,9,Europe1299,
,9,Europe1299,
,9,Europe1299,
,9,Europe1299,
,9,Europe1299,
,9,Europe1299,
,9,Europe1299,
,9,Europe1299,
,9,Europe1299,
,9,Europe1299,
,9,Europe1299,
,9,Europe1299,
,9,Europe1299,
,9,Europe1299,
,76,Europe459,
,76,Europe459,
,76,Europe459,
,76,Europe459,
,76,Europe459,
,76,Europe459,
,76,Europe459,
,76,Europe459,
,69,Europe454,
,70,Europe454,
,76,Europe459,
,76,Europe459,
,76,Europe459,
,76,Europe459,
,33,Europe388,
,34,Europe388,
,33,Europe388,
,34,Europe388,
,33,Europe388,
,34,Europe388,
,33,Europe388,
,34,Europe388,
,33,Europe388,
,34,Europe388,
,33,Europe388,
,34,Europe388,
,33,Europe388,
,34,Europe388,
,43,Europe394,
,33,Europe388,
,34,Europe388,
,33,Europe388,
,34,Europe388,
,33,Europe388,
,34,Europe388,
,35,Europe389,
,36,Europe389,
,35,Europe389,
,36,Europe389,
,35,Europe389,
,36,Europe389,
,35,Europe389,
,36,Europe389,
,43,Europe394,
,33,Europe388,
,34,Europe388,
,33,Europe388,
,34,Europe388,
,33,Europe388,
,34,Europe388,
,33,Europe388,
,34,Europe388,
,33,Europe388,
,34,Europe388,
,33,Europe388,
,34,Europe388,
,35,Europe389,
,36,Europe389,
,35,Europe389,
,36,Europe389,
,35,Europe389,
,36,Europe389,
,35,Europe389,
,36,Europe389,
,35,Europe389,
,36,Europe389,
,35,Europe389,
,36,Europe389,
,35,Europe389,
,36,Europe389,
,33,Europe388,
,34,Europe388,
,33,Europe388,
,34,Europe388,
,33,Europe388,
,34,Europe388,
,33,Europe388,
,34,Europe388,
,33,Europe388,
,34,Europe388,
,33,Europe388,
,34,Europe388,
,33,Europe388,
,34,Europe388,
,33,Europe388,
,34,Europe388,
,33,Europe388,
,34,Europe388,
,33,Europe388,
,34,Europe388,
,33,Europe388,
,34,Europe388,
exeter,56,Europe446,exeter
exeter,57,Europe446,exeter
,56,Europe446,
,57,Europe446,
,56,Europe446,
,57,Europe446,
,56,Europe446,
,57,Europe446,
,56,Europe446,
,57,Europe446,
,56,Europe446,
,57,Europe446,
,56,Europe446,
,57,Europe446,
,56,Europe446,
,57,Europe446,
,56,Europe446,
,57,Europe446,
,56,Europe446,
,57,Europe446,
,56,Europe446,
,57,Europe446,
,56,Europe446,
,57,Europe446,
,56,Europe446,
,57,Europe446,
,56,Europe446,
,57,Europe446,
,90,Europe469,
,91,Europe469,
,90,Europe469,
,91,Europe469,
,90,Europe469,
,91,Europe469,
,90,Europe469,
,91,Europe469,
,90,Europe469,
,91,Europe469,
plymouth,90,Europe469,plymouth
plymouth,91,Europe469,plymouth
plymouth,90,Europe469,plymouth
plymouth,91,Europe469,plymouth
,90,Europe469,
,91,Europe469,
,90,Europe469,
,91,Europe469,
,90,Europe469,
,91,Europe469,
,90,Europe469,
,91,Europe469,
,90,Europe469,
,91,Europe469,
,90,Europe469,
,91,Europe469,
,90,Europe469,
,91,Europe469,
,90,Europe469,
,91,Europe469,
,90,Europe469,
,91,Europe469,
plymouth,90,Europe469,plymouth
plymouth,91,Europe469,plymouth
,90,Europe469,
,91,Europe469,
,90,Europe469,
,91,Europe469,
,90,Europe469,
,91,Europe469,
,90,Europe469,
,91,Europe469,
plymouth,90,Europe469,plymouth
plymouth,91,Europe469,plymouth
plymouth,90,Europe469,plymouth
plymouth,91,Europe469,plymouth
,90,Europe469,
,91,Europe469,
plymouth,90,Europe469,plymouth
plymouth,91,Europe469,plymouth
,90,Europe469,
,91,Europe469,
,90,Europe469,
,91,Europe469,
,87,Europe467,
,88,Europe467,
,87,Europe467,
,88,Europe467,
,87,Europe467,
,88,Europe467,
,87,Europe467,
,88,Europe467,
,87,Europe467,
,88,Europe467,
,87,Europe467,
,88,Europe467,
,87,Europe467,
,88,Europe467,
,87,Europe467,
,88,Europe467,
,87,Europe467,
,88,Europe467,
,87,Europe467,
,88,Europe467,
,87,Europe467,
,88,Europe467,
,87,Europe467,
,88,Europe467,
,87,Europe467,
,88,Europe467,
,87,Europe467,
,88,Europe467,
,87,Europe467,
,88,Europe467,
,87,Europe467,
,88,Europe467,
,87,Europe467,
,88,Europe467,
,87,Europe467,
,88,Europe467,
,87,Europe467,
,88,Europe467,
,87,Europe467,
,88,Europe467,
,87,Europe467,
,88,Europe467,
,87,Europe467,
,88,Europe467,
,87,Europe467,
,88,Europe467,
middlesbrough,87,Europe467,middlesbrough
middlesbrough,88,Europe467,middlesbrough
,87,Europe467,
,88,Europe467,
,87,Europe467,
,88,Europe467,
,74,Europe458,
,75,Europe458,
,87,Europe467,
,88,Europe467,
,87,Europe467,
,88,Europe467,
,43,Europe394,
,43,Europe394,
,43,Europe394,
,43,Europe394,
,43,Europe394,
,43,Europe394,
,43,Europe394,
,43,Europe394,
,43,Europe394,
,43,Europe394,
,43,Europe394,
,43,Europe394,
,43,Europe394,
,43,Europe394,
,43,Europe394,
,43,Europe394,
,43,Europe394,
,43,Europe394,
,43,Europe394,
,43,Europe394,
,43,Europe394,
,43,Europe394,
,43,Europe394,
,43,Europe394,
,43,Europe394,
,43,Europe394,
,43,Europe394,
,43,Europe394,
,43,Europe394,
,43,Europe394,
,43,Europe394,
,50,Europe400,
,50,Europe400,
,50,Europe400,
,50,Europe400,
,50,Europe400,
,50,Europe400,
,50,Europe400,
,50,Europe400,
,50,Europe400,
,50,Europe400,
,50,Europe400,
,50,Europe400,
,50,Europe400,
,43,Europe394,
,43,Europe394,
,43,Europe394,
,43,Europe394,
,43,Europe394,
,43,Europe394,
,50,Europe400,
,43,Europe394,
,43,Europe394,
,43,Europe394,
,43,Europe394,
,43,Europe394,
,73,Europe457,
,73,Europe457,
,73,Europe457,
,73,Europe457,
,73,Europe457,
,69,Europe454,
,70,Europe454,
,73,Europe457,
,73,Europe457,
,73,Europe457,
,73,Europe457,
,73,Europe457,
,73,Europe457,
,73,Europe457,
,73,Europe457,
,73,Europe457,
,73,Europe457,
,50,Europe400,
,50,Europe400,
,50,Europe400,
,50,Europe400,
,50,Europe400,
,50,Europe400,
,50,Europe400,
,50,Europe400,
,50,Europe400,
,50,Europe400,
,50,Europe400,
,50,Europe400,
,50,Europe400,
,50,Europe400,
,43,Europe394,
,50,Europe400,
,50,Europe400,
,50,Europe400,
,50,Europe400,
,43,Europe394,
,43,Europe394,
,43,Europe394,
,43,Europe394,
,43,Europe394,
,50,Europe400,
,68,Europe453,
,68,Europe453,
,68,Europe453,
,68,Europe453,
,68,Europe453,
,68,Europe453,
,68,Europe453,
,68,Europe453,
,68,Europe453,
,68,Europe453,
,68,Europe453,
,68,Europe453,
,68,Europe453,
,68,Europe453,
,68,Europe453,
,68,Europe453,
,68,Europe453,
,73,Europe457,
,73,Europe457,
,73,Europe457,
,73,Europe457,
,73,Europe457,
,73,Europe457,
,73,Europe457,
,73,Europe457,
,71,Europe455,
,81,Europe462,
,71,Europe455,
,71,Europe455,
,71,Europe455,
,81,Europe462,
,71,Europe455,
,71,Europe455,
,71,Europe455,
,71,Europe455,
,71,Europe455,
,71,Europe455,
,71,Europe455,
,71,Europe455,
,81,Europe462,
,76,Europe459,
,76,Europe459,
,76,Europe459,
,76,Europe459,
,76,Europe459,
,76,Europe459,
,76,Europe459,
,76,Europe459,
,76,Europe459,
,76,Europe459,
,76,Europe459,
,76,Europe459,
,76,Europe459,
,76,Europe459,
,76,Europe459,
,76,Europe459,
,76,Europe459,
,76,Europe459,
,76,Europe459,
,76,Europe459,
,76,Europe459,
,76,Europe459,
,76,Europe459,
,76,Europe459,
,76,Europe459,
,76,Europe459,
,76,Europe459,
,76,Europe459,
,76,Europe459,
,76,Europe459,
,76,Europe459,
,68,Europe453,
,87,Europe467,
,88,Europe467,
,68,Europe453,
,83,Europe464,
,66,Europe452,
,67,Europe452,
,66,Europe452,
,67,Europe452,
,66,Europe452,
,67,Europe452,
,66,Europe452,
,67,Europe452,
,66,Europe452,
,67,Europe452,
,66,Europe452,
,67,Europe452,
,83,Europe464,
,83,Europe464,
,83,Europe464,
,83,Europe464,
,87,Europe467,
,88,Europe467,
,83,Europe464,
,83,Europe464,
,66,Europe452,
,67,Europe452,
,83,Europe464,
,83,Europe464,
,83,Europe464,
,83,Europe464,
,83,Europe464,
,83,Europe464,
,66,Europe452,
,67,Europe452,
,87,Europe467,
,88,Europe467,
,83,Europe464,
,83,Europe464,
,83,Europe464,
,30,Europe2046,
,31,Europe2047,
,30,Europe2046,
